{
   "Gaithersburg": [
      -77.1929215,
      39.1399187
   ],
   "Frederick": [
      -77.4127562,
      39.415779
   ],
   "Front Royal": [
      -78.1917718,
      38.9178538
   ],
   "Baltimore": [
      -76.610759,
      39.2908816
   ],
   "Washington D.C.": [
      -77.0365427,
      38.8950368
   ],
   "Manassas": [
      -77.4752667,
      38.7509488
   ],
   "Charlottesville": [
      -78.4766781,
      38.029306
   ],
   "Lexington Park": [
      -76.4533565,
      38.2641725
   ],
   "Martinsburg": [
      -77.9639604,
      39.4562528
   ],
   "Winchester": [
      -78.1652404,
      39.1852184
   ],
   "Culpeper": [
      -77.9961275,
      38.4733823
   ]
}